{"products":[{"id":"0.11441341421162332","qty":9}],"totalPrice":116.90999999999998}